k	obs_knn_enrichment	null_mean	null_std	delta_vs_null	p_perm_one_sided_greater	n_perm	metric
10	0.5396284829721361	0.3800361197110423	0.00840571432220268	0.15959236326109377	0.0001999600079984003	5000	jaccard
15	0.5137942896456829	0.37996250429996564	0.007685810211916662	0.1338317853457172	0.0001999600079984003	5000	jaccard
30	0.47481940144478846	0.37996431372549017	0.006644391972246518	0.09485508771929829	0.0001999600079984003	5000	jaccard
